feature_0,feature_1,feature_2,feature_3,feature_4,feature_5,feature_6,feature_7
0.7601662329675437,-0.4470836442472603,0.5326573946133885,0.5937311212495301,-1.0992152905917023,-1.8372648625636412,0.40672783626369546,0.8371022139010417
-0.3339334113361991,0.09398130952015568,0.4557086335819363,1.021206212509489,-0.1480440290312527,-0.01287012804787971,-1.183447701412052,-0.8191493432863268
-0.10314245756045763,-0.028708399552321785,-0.5218869544795318,-1.119946569666631,0.125821968132261,-1.761313157311081,-2.0134300523074233,-0.4595495475067286
-0.24559766594877117,-1.6207519803198573,0.34512424061207164,2.332061996209657,-1.0942734191759897,0.048108563136617044,0.05280567540772656,-2.2364173503246474
-0.7397793042016025,0.07986249838106642,-2.131139717082245,-0.49167112368108307,2.27914752091873,-0.2469195291832666,-1.4573505413880912,-1.5195952284238334
0.6083893332653497,0.2310781022841777,-1.3020978603226816,0.8300762989038334,-1.608646747211595,-0.7170061432984153,1.0601736833107365,0.42107345272278596
0.6202773561176965,0.24093686407051298,0.28565019610987497,0.3422054039958589,-0.17801261432452362,-0.25934163429270696,-2.3628641084522477,0.16005979279648896
-1.4107836287909954,-0.49930408017278904,0.5115982244633848,0.5130082847571391,-0.043793072348728534,-0.5448286553491468,1.7300552797979127,-1.1208145706668544
1.8964039068403478,0.4446213379749242,2.540514262092679,1.1380097895296437,0.5588924751726789,0.23758056090870416,-0.0827064179269598,0.9543392307769522
1.1759107718346071,-0.12643756370963435,0.7506099168684812,-0.7043421471287583,1.3166055958635523,0.6800715328674297,0.3426379813692278,-0.14401334748029268
0.7813188282417818,1.2434330939582705,-0.8495056039615826,0.1748488349717822,0.4338666115887293,-0.6587588614889104,-1.6194959363546872,0.6159754135469703
-0.20213555333894795,0.6428646746271166,0.2810738993212392,-1.6201813260955014,-1.4880510172343409,0.45192515812996376,-2.0393628100683245,-1.1980438477854456
1.123232884378467,-0.2888539103350698,0.22495349726876748,0.8221549258473461,-0.7727542547514082,-0.9089096423224156,0.1504898831866963,0.2692678460923612
-0.6874393870023698,-0.48548025024048613,-0.7947700273644687,0.2595855009771647,0.5857534389664856,-1.4613924377910017,0.4671751996563098,-0.6110253518627314
0.1771923291989879,0.3915842423501111,-0.9780577060842837,-0.5489204133222201,-2.5570546040678583,-0.02996800704754226,-0.3548244580948187,-0.5486421281861983
0.38539276475250644,0.5166361990743612,2.7174287328682976,0.4887209789439489,-0.5850000773012138,-0.3508339108966636,1.8982059641802707,-0.9795508784326294
1.2231733603288117,-1.4974802016921753,-1.7196739038220863,2.0374519423753807,-0.3334698202423759,0.08580064278962317,1.5348348768792863,0.958191140298206
-2.4384605640450236,0.7509445971896803,-0.5818502098168723,0.020418758785576606,0.9938067071364096,-1.3071781883042857,-0.6595600882722964,0.9864740187009399
0.5335108183398289,-1.147525408677207,1.5959211716104487,0.27994357125692276,0.047341880907133,-0.4156193761557507,0.5853180300922858,0.4138630815357569
-0.928937720957575,-1.0788969126896963,-0.39323071490608835,0.156319421100823,-0.6753342355440102,-0.7301108597884869,0.2510750190895232,1.3057473995092346
-0.6591513106966477,-0.8289888337610103,0.8197606096101892,0.16054442147971804,0.415694539892434,0.6111235500559109,0.7650548459970179,1.8758005467136352
1.052401068873978,1.6296113186459584,0.38021914486617187,0.9359884508763173,1.8615641238318181,-0.14840538755987095,-1.4155187704342762,-0.2202924653000638
-0.013178644122305348,-0.32967681048755815,-0.2623985740206567,1.6898795293565858,0.5535038411914245,-0.5234815281318063,-0.8024460675959331,-0.955471366841166
0.10290037985427986,1.2267218734078904,-0.20253819490820205,-0.2549268114372224,0.6874615049974057,-0.21583141260720826,-1.9407314131872768,-1.3729046231804403
-0.6692056054644492,0.5653965640388058,-2.050217677383097,0.23850121218790918,0.6501549009670022,0.04325054289835325,0.2963586560529044,0.4727748574495346
1.959411342388286,-0.3324752753514139,0.2787408560959998,1.0127390539563705,0.5012489895674,-2.025045762997471,-1.3709484700946077,-0.7352169561000764
0.16822860749339733,-0.023228192037787348,-0.14183448580853825,0.6692138364157875,1.3433880478461098,0.08838290840610988,0.8472603166461764,1.4689188959237782
-0.2556193705305969,-0.8617548958596855,-1.428680700225969,0.9071051958003012,-0.6377515024534103,-2.7985891054607244,-0.1400687201886661,-1.2538806677490124
0.7712822189047751,-0.027584597014016658,0.2635736942600158,2.2100382029022114,0.1658850875049767,1.6663188014929666,0.4090722304004329,0.5752253202281924
-0.012469143706682962,-0.16224376219272132,0.7195409507183848,0.7044850091340877,1.383315803099284,0.024400105741811045,0.16893415390276795,2.0876987644579965
0.2280250861827944,-0.6502558782754203,0.5953157747638944,-0.7990228463379194,-0.35727125323695724,2.3304635078602445,0.2529991518497392,-1.0041712385324686
-0.8983183783774624,-0.18308656960409295,0.6102816865885027,-0.10022658262579595,2.6549472950478687,1.6917084755276692,-0.1290170273224312,1.1043782051962148
0.6241344547945086,0.5492882256302678,0.4242433858229793,0.44649141639144774,-1.2702761239644262,0.3820786196601318,0.8002208817889809,-0.7594751018898269
-0.9689447546225224,0.6277440963358235,0.6716730776826834,0.9102996644453665,-0.6608312666100944,0.6010470932505538,0.5195233607499855,-1.6878867300316678
-0.06783008579806996,-0.9433839363906805,0.1579587801589276,0.9955950119998253,1.2396349893012046,1.5194710966809868,0.8344989339590665,0.5930700051303133
-1.2056069481346936,0.9810068555697485,-0.4579294102836994,-0.20234721995776053,0.9562958796793082,-1.0206684998064623,-0.19932758486072275,-0.01579437194355793
0.4161238144776257,-0.23856501820360618,-0.5344472080416974,-0.9902746893194819,1.3374538256412125,-0.13280117451197487,-1.701496094747692,1.2608212692267615
1.9677690893906574,0.8275945851986286,0.24526537489646627,-1.0106170360719506,0.25517752139669,-2.092101770254218,0.3897810159436931,-0.49756878304899554
1.6290902913813994,-1.563156706149209,-0.5183532052690668,-0.5262640152206957,1.0077282366996336,2.5558944592278263,1.2025165866697032,0.34584676191908337
1.6006241393333227,-2.6379224872883786,1.482163456708382,0.1877893997499208,-0.33090214560351394,-0.7916622366385611,-1.031913422999302,0.26337424970889284
0.4892034935587032,-0.7251734497952682,1.034196600361161,-1.5487650014491352,1.5087051144253556,1.5660332728275252,0.1626654104885733,0.4935795469446793
0.505229211106964,-0.10409771951661516,0.9980253502222085,0.7261362898880562,-1.3460386845653458,-0.7765786679437585,0.74176177791472,0.6041695073863402
-0.3140743742422747,-1.807621277242572,-0.47078555770734065,-1.2019366808669738,-0.18790393877677286,0.11375597287983731,0.7631605141545158,-0.5496980692087847
1.0163912685410768,0.8953708466071769,-0.5130506104434005,-0.8015717808024205,-0.355613128296959,0.9335850943946729,-0.5393901194785343,-0.6647792521753807
-0.003409146538131313,-0.26951890521340593,-0.19510847021258867,-0.3691753722778006,0.19726916503940956,-0.5045832696124614,0.4060711951465114,-0.7892555297763586
0.15313140039421974,-0.49561215892249166,-0.391055165246062,0.27781193997315035,-2.422844228634589,1.3149125131124988,-0.6265386546434986,-0.44176929374726487
1.1626299176367487,0.11523952975326392,-0.9988782499350921,0.26947268336039604,-0.7743494839237722,0.6618109506348047,-1.8140325985648686,-0.7159373954349632
-0.35802010256334205,-2.2361688420171104,1.011939656367902,-0.9800066473024811,0.4870092937668535,-0.22803453828591722,-0.18459917717285057,-1.4127794859965894
-0.4390643967558564,-0.45410576565382627,2.35523554140343,0.6713841517042706,0.6864759200326856,0.05417323650818141,-0.9903049467564798,0.040340372583330605
-0.3365917240756086,-1.942132165918247,2.2731051070621544,0.7669987624804099,-0.1276745745829966,-1.7258900047900703,-0.09639112902647187,0.9785590781405097
1.3159114410618205,0.09483236743240883,-0.918714268817523,0.017095653779809244,0.6028525993584475,1.3549777719079361,0.5194774237194556,0.09699138283220839
1.3982508319605313,0.4536479794206087,-0.19488175708764266,0.08740900761719037,-1.0189727803168667,0.2881738292313937,0.22581442594610343,0.41332316347934167
-1.653697838967641,-0.6825381542033059,-0.46118741313672207,-1.5181079752636586,-1.1843273385116637,1.2533359468559955,-0.35490883174008503,-1.2511898734731952
-0.11141030941231621,0.39832800502420895,0.5196771080607744,-0.6363710243991318,2.5870088285630093,0.06079326681873964,-1.576623902906904,0.059385817711858885
1.2408388529702599,0.3604978613191832,0.41701814094054357,-1.2169150996884546,0.23078252683161082,0.6218661009204091,-1.5923761946155315,-0.548931176091851
-0.661055965927149,-0.47026922647970437,-0.8055619863576818,-0.1359824020931157,-0.5238600104841304,0.9575017958168417,-0.933751485490244,1.474405015912123
-0.4756385595250576,0.9862505727898264,-2.1594416461000474,0.5537746075705778,1.2700248768243845,0.23484375767829108,-1.4843283120406374,1.573239629782792
0.39207804655166945,1.8483799508834453,-1.1429520395415,0.7718466355607634,0.40935502492564035,0.7473929615463166,-0.3834163111157828,0.8740798091601995
-1.0778451552701243,-0.0079454905475652,1.3909701652196744,0.30138997142977303,-0.1316282165708697,1.2284236260246229,2.0464872867824235,-0.6901162211325997
0.9072658672788888,0.9043483091819423,-0.35623737108818065,-0.520165882064571,1.3228451967455948,-0.942288491151671,0.4662369310922188,-0.006796637550724943
1.0226774579480344,0.44019839240629904,0.6025375644251278,-0.2438551034837904,-0.9206314242118562,2.420233270553744,-0.2973313876549095,-1.6032786392621192
0.21091629622201072,-0.3916277104992575,0.8416306233066554,-1.9250586729111605,-0.7091628416067399,-0.06407674016315698,1.3321998838949054,0.3203143343731366
-0.4089103812367254,0.6551686671684903,-0.8313339137580706,1.7097917584630795,1.2885744403287442,-0.2572695558712832,-0.2160241689343224,-0.060824995984473024
1.0616788318809716,-1.527569266253622,0.5211375144393836,-0.9075919954733179,0.8858411117177848,-1.3739471578514193,-0.461446863154594,-0.13256744698926726
0.2801932209082876,1.6552904964260458,1.477832522159583,-0.7570252983837296,1.9679846388600162,-1.6101093195896548,0.5072460938775308,-0.2869483860302233
0.6586175647922772,-1.7576996121379838,0.7720459273385046,-0.20275274943287133,-0.3643572001662182,0.7112883400295278,0.6863462148712504,0.35968705956639585
-0.25430018713019203,1.286001344146182,2.079538680357677,0.625430326210501,0.7423725876426749,-0.7009000882846989,-0.35140673336349937,-0.126386180454225
0.5771497234685808,-0.5361218336838077,1.8355606479067832,1.2089628200073759,0.6682532946789748,0.8074972376516372,1.5837896109571394,-0.7680694210097152
-0.732461986720457,-1.0859024011268665,0.8073081862107286,1.6609524881479396,-0.6888689838469215,-1.2125231310951696,-0.31475814671745994,1.2552373747242185
0.4951808887859862,1.2664292986658463,0.1682343424234322,-0.9206465426133663,-2.008585468370626,-0.5142403907110707,-1.3198915593599103,-0.12116680328820885
-1.3181367318350532,-1.0355284174209507,-1.7476291693217696,0.04967123997034232,-0.6823310456676803,0.5187148819406414,0.26037465852430103,0.7691547640535308
-1.55504129321614,2.34706586550955,-0.8247681482118305,0.40285179956609257,-0.7005908760038099,-2.3721213776386474,0.5365577151566516,-0.29538671129326194
1.1064844844236503,-0.3583645244142332,-0.1780847558598935,-0.03922360792667036,-0.033888776672434374,0.2071693830097103,1.6141906281385088,-0.04447648514582007
-1.6680813139093884,2.439414063865167,-0.03141315318646248,-1.118298878458158,-2.28175242630648,0.34590074903593754,-1.3224731100566671,0.3749185335734271
1.442759106990805,-0.5484453451715633,1.1841771283478413,1.2429178970824466,-0.6727857361619115,1.0543880391754223,-2.8720586092656153,0.7202500230967406
-0.5261092631211002,-0.20992634122403558,0.7401984793865525,0.837935227193522,-0.7176316844216134,-0.26362869867309485,0.40370305069677687,0.5472524131830305
1.0626969729133022,-0.16033881392541802,1.1747785435866376,0.2809105005027834,0.22780855626010518,-0.5773168035919877,2.486085020750724,-1.515705860165893
-0.01903799659610104,1.325387940020455,0.45677539559674624,0.32083358049860583,-0.980991711772835,-1.6403731200710867,-0.8605925515394257,-1.8089795651479912
-2.030958872167198,-0.8807278984964255,-1.224522143662872,-1.7498244993298495,-0.8068638252954703,-0.840856330543168,0.4075934612897799,0.13056310113731845
-1.6004405330562717,0.12405589644664888,-1.3746879710222193,-0.8654322715151541,-1.4187259140354525,0.7538687788376367,-1.237353212687854,0.956601931056012
2.2617868537858277,0.18492981340062184,0.6658773971612504,-0.10590056483626414,-2.9200293203145584,1.1254402330183642,-0.17008442603377225,-0.24424265253432287
0.2286621315710562,-1.0804620952488755,0.45428446814507467,-0.1833318104609036,-0.6588419444577848,0.32275552139599994,0.06726691076374067,-1.1356880367850306
0.34171592405726325,-0.1218978111108337,0.6087950158195542,-0.8015510113032392,-0.6074226578866879,0.17473180872783628,-0.2476146235970436,1.3003361792124104
-2.5031610117369376,2.216788133266835,-2.233905252294292,0.9980530619517543,0.20741524447887036,0.8426522172851623,-0.227050245824866,0.7737543592386107
0.5127227047125088,0.44223567985455897,0.028871254171212172,-0.7204692460745271,1.2450648059512353,1.4202251400828514,0.3013382968790941,1.024638297410866
0.26127255313537523,0.37558230644359847,0.5538744704318675,0.5536263953389848,-1.2760773521443496,-0.12845175433344264,-0.6912004453327776,-0.8076993401971515
0.7824404041044422,-0.40215973507251773,-1.1742703028253445,0.8877660685734637,1.0882204764493446,-0.15635972722929936,0.21458607470423502,-0.4396722054259928
0.9230645712989498,-0.16466222217661836,0.34576992946015894,0.3449373356933971,0.8805357489235972,-0.8220004221915188,1.2597365428716338,0.43419766809319615
-0.44470377885003143,-1.3208143141716482,-0.4105104628236417,0.6755037809057729,0.5706312198767373,0.35000913660721295,-0.9642000347123947,-1.4763992958517587
0.9736443797991589,-0.5023312882696742,1.4286638344392986,-0.824500574753621,-1.0926353245067322,0.9979573856771604,0.09142830851405706,-0.3461671480021981
-2.424836325455249,-0.03832121774315163,3.571579218026311,-0.23090405152817356,0.42533585692878567,1.1062666575947218,-0.39615592240969827,0.27273473716279445
0.09592041239523996,-2.1049284295789623,-0.9065895221643572,-1.5774487938270054,0.6005710943105073,0.8009296466651268,1.042335368440993,-2.0523984049766058
0.6679063960123212,0.8294156110922379,1.9780043811837977,0.1426915902933518,-0.08225517570292921,0.35644473214724803,0.27403194483813775,-0.2072965323464338
2.1837204419283545,2.3173697658476766,0.1331940106882053,-0.35890716735216516,-0.4489909346763357,-1.6289714216012923,-0.6442418462212993,-2.643424963649414
-0.9326474800235675,0.14480539428355801,-1.3964066555439378,-1.2906545948871746,1.24305298192177,-0.18161843552734758,1.057770464726677,0.1655624028669294
-0.8513132724391551,-0.9306520330323701,2.018713959588159,-1.2129175448515261,0.3872232361178979,0.13658422468019737,1.300920945323237,-0.767819335533195
-0.5202031702569895,0.49208566575096496,-0.8597750696760593,-0.8953309048882414,0.12129732537833084,1.5453903199425532,-0.5765605513623797,-0.29631806753763196
-2.1694079584120365,-1.03910438326439,-1.9255868907643525,-1.5610305114373637,-1.4072685633957673,-0.035605484609829575,-2.7944722983075785,1.23187178862397
-0.6300652183072499,-1.8617597537365473,-0.8324088256872509,1.0410969219158048,0.3743664207436114,-0.01700358267398227,0.14601715372487883,0.5882064080297049
-0.24900151924128155,-1.0075126873698899,0.6223483332258916,1.731205703551006,-1.528463153697945,-0.5676006118841719,-1.0896670300689226,-0.019777213953693255
0.2659991671788799,-0.8890724087905467,-0.5318123168455532,-0.7966301540623809,-0.7962460588279633,-0.7141025963729193,2.214242036435874,-0.45496319041455213
-1.1138427882153292,-0.08020001395459285,0.2422968133686014,-0.3152504179395398,0.825677690540978,-0.16879758805784265,-0.21341039263913958,-1.5733383768314881
0.8025694505032944,-1.42917561103508,-0.3833451365939972,-1.0726272421496699,0.28000391499230254,1.8828823097500855,0.0060607139816623344,0.370481394978644
0.057708806756984116,-0.6546431760426943,-0.7895712742731404,0.6634792559463168,-0.9952278451786465,-0.7962964642905049,-0.8182753679602661,-0.22661307466260003
0.5838747046950579,-0.6814720180067562,-0.8891628057717216,0.1978992245706631,0.44887929524614456,2.274703378703392,-0.05808642639609575,-0.7948392180037915
1.015916973220083,2.0404319945407607,-0.07533486248853045,-1.0334376993670076,0.041948144704752645,-1.633788168517571,-0.9461990728471885,0.3362858070546892
-1.306612247675978,1.347259480921411,-0.7349222949495545,1.015787715984614,-0.26854654852732796,-0.14964236569858064,-0.6443529656043715,0.47347390905689335
-0.052776138360648865,1.8393483841259441,1.2254531482040572,-1.387237503327094,1.0188838264435174,-1.4934018146629204,0.021456224044905343,0.215369597889294
-0.34120606462067304,-1.18692538652941,-0.3097511440161062,-0.3242353482405271,-1.229969061679773,-0.48977978041340897,0.3516793717496016,-1.8638842993007476
1.8156520639191072,0.41958914519806184,-0.21005641264581787,1.0239055049925403,0.36673219814247404,-0.25275030069976034,0.5513022180697554,-1.106385905965437
-0.08567698812090879,-0.018711535341657138,0.6187168100871239,1.4081770743652862,-0.9244201975664809,0.16509561783379112,-0.7280778642763331,-0.794643717887957
-0.17929234655146434,-1.594436018110398,-0.21264967071394325,1.1754019142954315,1.5479232656327633,0.15961471331172736,0.1729332942095047,-0.5636693111550467
0.6108484515486529,0.07656552397327501,0.2536184377034516,1.195481805972572,-0.8306087875861492,-0.5401467818003458,-0.6091232794091517,-1.2225089287340039
0.7532762119993187,1.5756497459664778,0.3203082127462699,0.6958796617175403,1.3093509740330906,0.2844695567295501,-0.6449254575247576,0.6112378264403967
0.21814168510662144,0.6479994990562532,-0.8656226717108877,0.38364318949702636,1.5339691106689914,-1.8162870510023064,0.017867595435701423,0.19305220590589575
1.0175609783689143,0.3582550516744215,0.9053425169086108,0.11245984220853249,0.689504994012276,-2.5847444565031195,-0.23335567332422907,2.7995239467496775
0.59407025523907,-0.19434272672763503,-0.4341665202515911,0.32257673799720377,0.06878833252597749,-0.19911238275725224,1.0324797157533776,-0.24681577694107554
0.08615171434750124,-0.011310658679547489,1.1058225089866012,0.328929299525648,-0.033398003553795345,-0.4665573166275894,-0.2324100005540434,-0.08891726740854496
-0.0041035069687258546,1.1325252625551097,0.14025560234680312,-0.27881263372055526,1.2273716413780353,-1.0366038826469541,0.2702561703607004,0.08196617969550951
-1.0662264873982346,-0.06425778688921284,1.6577623298806503,-0.36681138365245114,-0.16145113828415342,0.1168018689130513,-1.6801341489446313,-0.9073614922555138
-0.9850235826980721,1.3081935639887152,0.006029327171035006,-1.472977609111576,0.22626164706870253,0.5056858513379232,1.7160403221121312,-0.10667449055824228
-1.3789989584072906,0.6039092696727824,0.234070906216228,0.7127902640786932,-0.11476845717851916,-0.44325194864561407,-1.847326992907105,-1.2702208551738379
-0.04586790594472202,-0.467553705226738,0.6905210460280535,0.6124180327000489,0.015557181200328615,-0.2995987587733574,1.3623579676495012,-0.11244234339591393
-0.39230919212908744,-1.2971000196666516,0.1574627523984585,-1.7309894498221519,0.15160759364714313,-1.8306663621778045,0.3045151754260446,-0.37555811897157276
-0.20265890716555396,-1.86849981325055,-0.9993807492735187,0.7181505425518439,0.567594726027765,-1.1342480262783414,0.47489832293698464,-0.748827465569452
-1.6096950841174666,-0.35929671589850365,0.8457012421214739,1.8474534185045268,0.6993285544282427,0.013570061891976485,-1.1199225138336157,-0.6025752242276486
0.403085961219367,0.07290724327605223,-0.07512058797383152,-1.0489916773184873,-0.2743965735223526,1.4719293689732715,-0.7408137732923984,0.07922701409061239
0.07668047048190747,-1.555560340617808,-0.2611968208687585,-1.5842637368577241,1.4993159669024918,-2.35580591273408,0.03817186354147254,0.5470691314231367
1.3953529297569547,1.4595892682284208,0.13997810611456363,-0.39161981071960156,-0.6112253403048249,-0.3589359262422613,0.09346082946215117,0.3073842186274145
0.05827149716642897,-0.7598709809829328,-1.6487962447192448,0.2079834917816728,-1.7907798047252304,0.6344087061386305,-0.31359504883286077,0.29176928070937597
-0.6928405537119304,-0.0671057029336976,-0.7281521811956139,0.43935084060039076,0.5752725948181923,-0.1309018654077442,-0.8885296256035006,-0.36741897462950646
-0.2200843690272319,1.2624365367975052,-1.520908256311917,-2.301924461118349,-0.5277131651201175,-1.4872412677395503,0.3392288640154119,0.30354353457744826
-0.29439570018964456,0.15941200409147932,-0.3823870292955589,0.01430509071313689,-0.8408786171398601,-0.8604267600922381,-0.37178001463042154,2.158170199583578
0.08399285613164036,1.3382205319305884,-0.31425058651942994,0.9598304499937307,-0.7083224844135482,0.2472840302376188,0.02305220825947024,0.4267017991752182
-0.42767959812380435,-1.6054097440159647,-1.8619757107917871,0.17954948463867915,0.03414212890984157,1.242869549603737,0.4261466396903099,-0.024625981431480627
0.5289908441296284,1.92351298256754,-0.30695667774888535,-0.684821028359514,0.5138141224640587,-0.13473594673016337,0.23049856102367294,0.13332849219530085
-0.1648751790198756,1.2420166226436282,0.30986345342253446,-0.991604685820878,0.8222182042566056,0.015571783015878514,0.34242257607998683,1.6046141246729158
-2.0901189987529927,-0.48031451134104586,-0.03407262881877017,-1.924196184922243,0.38231955899271425,-1.3850350563906724,0.980789473063955,0.0934287921470135
-0.9277937113835848,1.2284177949731911,-0.1665615448685068,-0.2863853805672126,-0.0056001393661616015,-1.93486560893721,0.005905979926915734,0.4678095443614187
1.9412492955640848,1.9328205818714956,1.0035365626469492,-0.09943286179014288,0.7993033732591057,0.05552552931562209,1.4409628845796751,0.8345327309752071
0.18725757600835297,1.1238828767630464,0.7780097301850001,-1.2354186458203336,-0.46942882506336664,-0.3266517021675272,1.2521538786984636,-0.40524815529942676
-1.923715729697126,-0.8776135866276552,0.6683168667415277,-1.0747665931188752,0.27803371202287097,0.6957873191396077,0.9558323551671646,-1.3290788291721605
1.1783751486717822,0.3065398953135771,-0.14099080954071416,-0.8612252531972743,-0.7311519376614082,-1.2335617030552273,0.9341006204079838,0.3766891410007215
1.4442450624913878,-0.6198320340365894,1.649609729994417,0.02688626945725665,-0.6539905475698093,-1.5778277877826399,2.172050913582808,0.08618543293472397
1.5236637764785275,-0.8984229406095902,0.7044740740436035,0.13402679274666512,-0.19396387055266243,-1.0950264574269175,0.6656534379123312,0.02031599823462459
-0.0647449514862398,-1.1125293102447653,-1.5684400468313575,1.720920319810075,1.4210427683683313,0.422919279615949,-0.0480141917504573,0.5280104739792081
-1.5305128973556241,-0.09809158279359968,-0.12756216200993092,-1.576232847396656,-0.8532015157805608,1.0744651405355077,-0.027458376689570886,0.20066000871919681
-0.17434368140023182,0.27504015123207315,0.34566061748224475,-0.029588215095096577,-0.6594150524960222,-0.7148807746108157,2.1560856448453367,-0.8811729748262421
0.8847682509983086,-0.2510781173963972,0.5774810876838673,-0.711160001708371,0.7432967991827534,-2.26950177333614,0.9492212498170659,-0.988195529631995
0.7232818431864552,0.39114464429766943,0.9646459921940493,0.6069276754381422,-0.3417171131037666,1.2611001766527659,-1.146995951710264,-0.4408599787703132
0.4204363279276708,-0.9130083516258418,0.7623564505871918,-0.08838047729908165,-0.6007949486107363,-0.06828320753921147,0.8639418603207202,-0.8164093278498717
-0.9192312907888351,-1.2888258522547205,-0.8283529636790821,0.6447293214888808,2.6038556784393108,-1.361811161963595,-1.969989866140369,-0.7170842594599725
0.6094073185015682,-0.941819333448146,0.20004898491654666,1.0509586725418538,0.19143790953291445,-0.8860044891557212,1.8381901467597117,0.777221812367959
-0.5769596775818446,-0.867728174471383,-0.0508674061621912,-2.532554525015195,0.5921831772319897,0.20087222443176114,0.9000358998312006,-0.14773608232527696
0.13725091856077007,0.7820642441934978,0.5298618776070972,1.1475075230778675,-0.8199690336079428,0.41211162392746375,-1.453608991147572,0.6972424445758336
-0.09809130121944236,1.1323757784574673,0.044842196214342094,0.35145051656046883,1.01395867884495,-1.1030498610160777,1.327484954015637,0.10782988226861115
-0.7857193987675104,0.31309192955194687,-0.6802628025228472,-0.7571640981176355,-0.7649811162236813,-0.07038383609128987,-1.4167495871942342,-0.8871914250052731
-1.1896943632521466,-1.1180837827963213,1.1457317166470344,0.002871917273824556,1.1298420664950024,-0.10183600092275157,0.7284967942868517,-1.211030155896037
0.9741324352577567,-1.2000432779850234,0.19148232543991203,1.9298324339990223,-0.1670002743571596,0.1602937210962731,-0.7586284233600243,-0.3244872415189078
-0.6929007863837637,0.25744993760617924,0.17551025490535685,0.14429202577258377,-1.2639047390050024,0.1550720823556625,0.012904455906803555,0.10230140229512603
0.3738427050729849,0.47870000569200166,-0.0006791646074836991,0.34175456815201544,-0.011902471223663313,0.0038330862925094996,0.550577342548478,0.9852825657091614
-0.13124031933566202,0.9178839461541413,0.5496972691147225,-1.3280672310020856,1.9195264055710193,0.27282494206526486,0.2724619331146089,0.39705983566300446
-0.5211979292156053,-1.491541060142215,1.7149810236646972,1.3653683448320082,0.46294959711648187,0.977237035944849,1.093969867665633,0.8136230019713435
-0.5489540245694996,0.23628414225781583,1.0443149591861545,-0.522894131832905,-0.6867227411187872,1.413055233368764,0.2781743830943227,0.11017819277098724
0.887991402127766,0.670970938588443,0.02099295029588685,0.5543661007966227,-0.4165938649536938,0.49394901046565326,0.48464562673983896,-0.793665285867645
0.011907871884688417,-0.1752510546351389,-1.4406739940324536,0.6097669082927474,-0.2550368025363731,-1.4178117660192724,0.6314546163624389,1.0293109716896143
-2.041648909124674,-2.3019652000071864,-0.21397279340619518,0.6725057161998321,0.7228468113859593,-0.8354500367697351,-0.3988833192954064,-0.520768035793778
1.4044617629579554,-0.3143343188329431,1.020616912064627,1.9631776765405726,0.7312487356497058,0.005498343638950076,0.5525373473003229,1.2776626762061136
-1.0502189902580903,-0.25684536102444716,-0.23235739649273984,-1.5034583992493944,-0.5709580868574299,0.567880067453997,-0.8249920538471605,2.2506760310308676
0.11310162671401226,-1.5694320397731794,-0.0469579475499448,-0.4441420598829812,0.4665790006493482,0.864209270891057,1.4951920337999378,-0.46134446373035987
0.5250280541270725,0.3711875050895233,-0.15590018072386008,0.24063119083066994,-0.07970883908825462,-1.2731382452757172,-0.5018171029556542,1.2031928520633173
1.4744170911094723,0.6720997703096862,-0.34902139875602856,-0.33728940152210524,-1.2429549232843797,-0.3172917182312323,0.4565150330592349,-1.3208782026430181
-0.7942523588696101,1.6860368312962442,-1.0926892749774142,-0.0852053922937219,0.8473386580790396,0.21580169553287368,0.9978899657197836,-0.7047204226246058
-0.08143372749047748,0.13025670870206876,0.5302604253722791,0.9304118455611394,-0.4563040611108977,0.042532870851657814,1.5502086771286876,0.35318629520252165
-1.1093289278497418,0.7121158252687982,1.0661042664241873,0.36667860303049105,1.1861365955010412,0.6918098770528872,-0.7965284141498844,-1.0876416789410301
-1.7510703491923696,0.9768129824696102,-1.3091653143025817,-0.49097228256584685,-0.5299140986336766,-0.6658569670193876,-0.008660466741585568,1.5340902893038646
2.0674904829790592,-0.3450417314284374,0.3362963448845564,0.37467435282496664,1.174378151542696,-0.06750183042827537,-0.6081752604310665,-0.38327013290363465
0.11113519887059527,-0.9948104735409704,-1.3339992668497576,-1.6575094247749238,-0.6356499028604752,-1.7631575338020977,0.8700555088304502,0.3787369930838098
-1.0303222917839858,1.2697558454851914,1.3692120754930326,-1.4323824617568983,-0.2791188794463528,-0.09186921589268413,-0.014013724706417307,-1.7584096786004588
2.37138845402525,-0.284276426327477,-0.22094597036843394,0.8741052997953694,1.0176128047319954,-0.11209529175507846,0.6754162850183403,-1.0886498809361485
-1.4638430055886906,-0.3451244242806939,-0.20065745476922558,0.42088148473299347,0.44305266895127493,-1.9752989026932481,-0.3767400065759829,-0.9076668722975513
-0.012609534457079038,0.10045810704515155,1.5398905751052692,-1.7506399118514364,0.8047531789135072,0.21990670068412085,0.6675318688198605,-0.26637565192875245
1.0894757291156876,1.071138705949364,2.7102595848728472,0.6417216007037091,-2.226197737689079,0.18672965692571933,-1.5673746857118844,-1.0185480828843383
-0.623700657591065,-1.6225487822874247,-0.7965111960903608,1.0755338488207435,0.8463467718509441,0.4157107543398722,-1.1600097665784537,-0.8175109403989484
0.6416604579846625,0.023017602641806634,0.862553522129234,0.9858149188095456,-0.7335952993672727,-2.0021991143415847,0.6772141661015563,-0.37960500379001677
-0.14670394375406343,0.6862426243888206,-0.7353475428889652,-1.2523250693317478,0.08964910311420293,-0.6987855544950595,0.12463486560991782,-0.22807947633752781
-0.16298399394298313,-0.026705335050283878,1.0958548872414167,-1.258305550726655,0.9004687407023031,-2.1137053960645154,-0.28569741535230253,0.874201691618976
-0.9304122492273423,0.6514087423401941,-0.9541410925618901,0.08440803310980834,-0.8862005080977896,0.5674287928700561,-1.0699506201605071,-0.6448778916640461
0.11660276571258488,2.05378027456382,0.5243443532260578,-1.2511849401768542,-1.4782854357591637,-0.09709308123886763,-1.667573347580706,0.7055377246507755
0.5671228420018795,2.388721279606085,0.838910112381142,-0.6401296739088516,-0.8348857370974414,-0.6756051276429487,0.9041532851715774,-0.1085072049969023
2.552230163402878,-0.16812921232772424,1.3805912323207576,-0.14667131142154874,-0.20963534323670233,1.2588296987806202,0.9686388766936103,0.8705018910001273
0.0026865298396103487,0.01620874270202407,0.17697230934977645,-0.11620028179917181,-0.9146227111995376,0.24938708149169656,0.5748607748380147,-0.992314214458306
-0.7542021627241914,0.9769215645749826,1.1015259861531725,-1.842031838405077,-0.6832259429997894,-1.2617700117470425,-0.11951878043007562,1.5238520171998033
0.7454720980570375,0.06801694537354379,0.17273087935997514,-0.023155516967006306,0.17759445945822372,0.7200706960442296,1.313343363116114,0.7257505883674397
-1.30578586634164,-1.007508801235176,-1.1186956011455729,0.3769201144376306,0.36005072808083677,-0.882828987722037,0.7898280347342986,-0.4791229453143527
-0.35871731060260004,1.3092334897452922,-0.03683066905868326,-1.5141358478842608,-0.7909622362057771,-0.23466349182479998,-0.021804189852989847,-0.1438785463298867
0.6008825086920193,0.41281876168769105,-0.3479643379349264,-0.5903249179528643,-0.726114027517346,-1.1316409267511525,-0.4483916384609412,-2.1222988830425917
0.630488030489918,-0.3189569890995958,-0.9743078496209195,0.2499699394555311,0.2796626701579614,-2.152493444412304,0.43587577054744,0.2908743874249234
0.006355875683718263,0.1902145688716806,1.4482085518948633,-0.9730118015152337,0.5276246273505988,-1.2396230704465656,1.2469497611775788,0.09696363666589082
0.4522652134748237,-0.10741789856987378,0.9160412606558886,1.0965328284103468,0.48847595789082054,0.24000295228544274,-1.019562126529009,-0.7287530452913753
-1.1640118783694828,0.19678009270144395,1.1903544390528793,-0.17359179552562834,1.2857010543492353,0.9130045340818803,1.2169058041387777,0.41800374076894203
0.23433881122554,1.0431459302082968,1.0785207137840946,0.07747068613839689,1.450006408054447,-1.6192832692373071,-0.418055118944176,-0.46986465530730054
-1.2122689628960637,0.1350776724846987,-0.5889705464706788,-2.25153498598787,0.2069275192832601,0.6907772729156428,1.1311519053059893,0.4195676758953945
-0.5125060456403828,-0.38752310361359904,-0.8741463202683905,0.3998955214355069,0.9448203118607358,0.5277803121526269,-0.8110977883309515,-0.976577764577765
1.3657923587191065,-0.3159645126292849,1.416729692327733,0.7860269970493,-1.858098419358453,-0.1957317622915745,0.006391881202623415,0.08621154721492759
-1.0220311159667002,0.7528137769991214,-0.8437990142811792,-0.04280592182454845,0.7534894714182002,0.8354116347836182,-0.9597276783011759,-0.12115340640657478
-0.22942662894379623,0.892200085137838,-0.01739122223019718,0.856554856393462,-1.166471320616305,-0.4496676016629738,1.4485765853244514,-0.42107850540501407
1.3772574828673068,-0.5306745597736241,0.16794229540166816,-1.0196550709218393,-1.8768686558738945,-0.1431759743261871,0.5538561660032112,-1.4118888760712274
0.25135727816346776,0.6470183636849386,-0.16155871249801187,-0.14654820913533873,2.2144971012922268,0.8118429078915278,-0.6416965471900282,0.23440471766465049
-2.027591566800901,0.5619206231441555,0.5879224609068647,1.0885490415587082,-1.7764015233277912,0.10960812680044303,0.6693890693838255,-0.7650150070807687
-0.4081148568930912,0.8327863481892153,-0.5428815131608528,-1.0194071318725955,-0.46894531205884443,-0.9141765813849487,0.4201262627178364,1.6880772408916276
0.4727113798108409,-0.6268398593898983,2.393570170889887,-0.8829474775054426,0.5483952845001672,0.022131301323773948,-1.8265161674719017,-0.9242918608428999
0.25580834831873667,0.8255222688598278,1.251364850526638,-1.0689756238735804,-1.7865088298699328,-1.9528387804084633,0.4520963110200961,0.11849311299174815
-0.8795363430090519,0.688222711102285,-0.1736356827902158,0.9274624317585825,-0.6998772345979173,0.283627323807291,0.0028459158968110196,-1.771533104509847
-2.426679243393074,1.651436537097151,-1.506294713918092,0.28297849805199204,0.9973454465835858,-0.42891262885617726,-0.5786002519685364,-1.0856306033005612
0.8708978067893992,0.024211360895293473,0.7209893917039087,1.4830391747653016,-0.04901169879446085,0.6097905060392789,-0.27265446153778367,0.08149089870341171
1.022122385475986,0.8668436384806536,-0.1954167980759943,0.680641512972457,-0.10272104096908569,-1.1535087902184533,1.427281637272738,-0.4242544234273908
2.4178322581645255,0.29282013180491046,-0.21351884587610712,-1.4131277490747862,0.41580397333386077,-0.22936071914771522,0.29143061762653,-0.8616496250627671
-1.6815536670926081,1.4100295920320967,0.9923110927289581,0.9086255721129254,-0.5786848671082763,1.0808376836661575,0.2141977944806523,-0.3221559727873218
1.613381535261024,-0.9484986261940769,0.9528308618116563,0.8059821116221542,-0.823285164614491,0.38092143377222654,0.03844707664769293,1.0726297462337824
0.010873766305515172,-1.4510728280006948,-1.419321389389172,0.08756791890323759,-0.33056975445797127,0.8234224968637073,-0.052504221997478104,1.0969006071545395
0.7957676771167663,1.0725108548069282,-1.1011958414445358,0.7464880416309605,-0.6036356196140189,0.4782028253825329,-0.5236036697941725,-0.8621266081811992
-0.6170953062275772,-0.426119479032895,1.2642476921902,0.717125946961152,0.254654298606135,-0.6456835185272906,-1.52135067197716,0.7523667826458134
-1.542536613885471,0.6269829363737798,1.0920677064906987,0.9469082441625268,-0.13737657056441324,-0.4723809012694099,-0.3479589732049755,-0.9734369952851704
-0.41675766834030037,-1.3967591759349756,0.2977628897504623,0.4328900587755523,0.3268047196749653,1.4348867985415426,0.26900118967212827,1.1456842134012242
-2.022289571446341,-0.10310574677687236,1.0767925657914668,-0.0982305277715194,1.524133445140112,-1.80088871393394,-0.07867599973211453,0.1697052759360759
0.17887710931673828,0.7485415287601163,-0.18186206419679415,-0.09541189653632087,2.547869783635755,-0.26885126734807674,0.16448029197680414,1.0809151324642843
0.4126695829369163,-1.1868866999003547,0.988925316349704,1.332800942422933,0.18095714574188698,-0.632506884341217,-0.6169705200276151,1.1117017451038067
-0.44398195964606546,-0.638901996684651,-0.09470896893689112,-0.6788861516220543,-0.8667404022651017,-0.43435127561851733,1.4913896261242878,1.265936258705534
-0.5597372423151535,-1.5207682149838735,1.0539363940671456,-0.9884026530003664,0.343912908286274,0.047011006041319366,-0.20909415678311435,-1.1515639574038279
-1.8042733050866564,0.04908460831001962,0.6091336616424187,-0.778015669115904,1.4552743580163356,-0.09110291269290938,0.15112910594841883,-1.013397892749295
-2.78083727488142,0.6420421493872466,-0.08852530555259044,-0.9053002652415295,0.5388032736257815,0.40340320956851217,0.2629590551691457,-0.177899338979872
-0.34169998149172376,-0.04908882458397935,1.307740053379758,1.5359175681673771,-0.8231920384715771,0.5041385551044657,-0.5885595026031588,-0.7178908918135632
0.23340731182876998,-1.6637284133317123,-1.2096277395856172,0.9579899440945053,0.5178866305162447,-1.6652804208298235,-0.8135714254875379,-0.6304753999997247
-1.2995028899867915,-0.6523110386802412,0.48033765092179165,0.5446477154117998,0.20665459152405047,-1.0024159710020464,0.26963435496943244,-0.06307128280046882
2.3930793085599738,-0.13684290876556912,1.1909001009233136,-1.6992412072962284,0.09425929456099541,0.23350081229625275,1.6407971132343124,-2.0455203260796075
0.4634872549244044,-0.44744016384508256,0.8610368544463314,1.096256790339018,-1.2013773057044526,0.39249325801069357,-1.5203671239665197,-1.7742235493872753
-1.1472371412402353,0.15429005055187112,1.5169736782466114,0.1243586326189154,-0.7451472218585933,1.520166442206532,-0.5866159508522137,-0.45642595614359244
0.5192261838833757,1.6899307106005974,0.8664334817905881,0.1811126366207718,0.3133720677491042,1.47831033460733,0.11659188666982555,-0.19949482764965581
-0.005873957527278068,0.11936481908700643,1.8670006315136745,-0.49119880233355484,-1.5385035698994083,0.9896393202180513,1.1638047132536464,-0.6138219323350175
-0.45356917618752884,-0.15239449801642782,0.14597922501351515,-1.1846574927726896,-1.7752428411035694,0.9992528030472034,-1.7865268526790055,-0.4250761037008216
-0.008256514667853591,0.29988506654577324,-2.272617710954302,-0.10239107510368999,-0.11693174014674963,-0.7993391541971328,-0.6426098414665713,-0.2920041627702413
0.4315779114806838,0.8425394274921589,-0.5976836016558756,-0.13316789221533604,-2.2669391440424183,0.13670684306070888,0.4632771623936812,1.6210356859074482
1.1349446942859343,-0.7184031557554633,-0.21739317387180876,0.33778387098271057,0.1119256185568647,1.5497217212656154,1.8368685037265968,0.5372448610538645
-0.22768915420673522,-0.4267433697918433,-0.6936366166449239,0.35855119335071156,-0.23086034401902272,2.1044992876141975,-0.04264204075563267,-0.8038526788497165
0.5479239582517051,-1.613731100542421,0.06235978863550315,0.14398134623101064,1.1658469592921084,1.4435517643517461,-0.07456369283612095,-0.3231343328226999
-0.6080601917118509,1.7524329545580741,-0.16679749129024285,1.0941101001320168,-0.8370833878319596,-1.36921859489701,1.9882743333680895,0.7966678681054704
-0.7203913135896711,-0.5681392927117446,-0.9254669730976067,0.4113677518798839,-0.13990735194170767,1.580103607920915,0.4384309028244546,1.548682238777974
1.0681603873290815,-0.07052341796234977,-0.6827647198373713,1.1580688744398528,-1.7628977344010746,0.34325798097756616,1.089532657214453,-0.12174149525709202
0.46843911944564426,0.19952407355863258,-0.2330920609844135,0.045490080631097156,0.8072365345785665,-0.8311549842432792,-1.198301144700787,1.4172990464768525
-1.5434439088924747,0.6485628985444821,0.28979559884561235,0.8015441715482821,-0.5202517113340795,0.5746214289211681,-0.40371310534313537,1.3261680595919987
1.884547476805244,-0.09358917826887828,0.9425534238204085,-0.7872107937761171,1.0692534354743424,1.1357906611668267,-0.4485015716563621,-0.4648277333134064
-0.48236531510849157,1.0086509563084367,1.0891653824583838,-1.1821528913270605,-1.1789369540334256,1.0797963503009356,-1.224529092816291,0.10356803732332855
-0.5437152464211841,1.8802631060530215,0.7959715261946323,1.0283306884703831,-0.10015917937291328,-0.540788857164891,-1.4722364678292141,-0.46777529562405074
1.7944860170295622,-0.12273289695541043,-0.9079522034831508,1.354566764584036,0.5040768212246709,-0.32050951349092266,-1.8180445887604737,-0.18516672021871816
0.17646383041871241,0.4246485750677678,0.60380835807897,1.1808441735718458,0.4383964047972862,-0.5633522837287307,-0.4809985247585037,-0.703797519459388
1.062214468922782,1.9845823984585664,1.2587213025893325,-2.631438036808334,-0.24762137869361706,1.030379331152028,0.6001752363295938,-0.96325368587879
0.7285279300579416,0.22540802384624264,0.6505337571611308,0.09020442742175916,0.9145018400488154,-0.4402442794764151,1.0423080349227836,-0.34879354756156666
1.2672986450543529,0.13021495415796958,-0.35400011275017335,1.5188656236315399,1.805970109932475,0.3327649772541171,-0.8234314059856659,-0.5489550961957409
0.8677062527201732,0.3550395291080001,-0.06810045469356894,1.310923696503857,0.27307318811269254,0.5698405144524853,-0.14913918465115597,0.786903221911645
0.48291494227225784,1.5115683204421728,0.8044382892693089,-0.5762832031665642,-0.6297187170588883,-0.30387993944381264,-0.6553369266664799,1.832905932294317
-1.221939656877403,-1.273286210204081,-1.8933652703493453,-0.059070025454399544,1.55266042498475,-1.1976739705802946,1.2335202926112527,-1.3267311067393341
0.19548695478159886,-0.9149978222901417,-0.018462167452254916,0.13392494438603106,-0.7207595682202254,0.06893169543474216,-0.4691541008985778,0.07519753699144696
1.2075302658503617,-0.36314873849553675,0.6822370168028621,-0.3789660585789339,0.3273403664082984,0.876326304231321,1.6250881580866812,0.05994319274761793
0.00771365725419405,-0.6328669583423246,1.701608168112745,1.0639050277896922,1.013492949202779,-0.6236291931197636,0.1965696193161701,-0.11600038646897386
-0.04575934842792617,1.4454969196914993,-0.25113243159354337,2.4612947849134,1.4977485865330407,-1.5618663118736906,-0.11429504949254253,0.6964516411293501
0.18628493789408118,-1.08229436218015,-0.5319965852547925,-0.9763501750055934,-1.9000625276370466,-0.38127146118407806,0.02811176626622418,-0.40593961335790624
-0.7540081940732426,-1.3947085314093688,1.3821734642040504,0.43947003665123624,0.19309412822875205,0.5403923453392317,-0.13186546313703731,-1.8250283251709292
-1.875171928237595,-0.824199212431439,0.03202404238219983,0.4517365702529574,-0.5031040659169606,-0.2029703722561392,-1.0502348080149684,1.1206659044957474
-0.2823927688956929,0.8125535077021971,0.1984260053639068,0.03858913554031246,-0.6437313807083694,0.7269345750363732,0.5461233825734567,-0.29314377587767965
0.6523052791547445,-0.2012160282775899,2.271033767456694,-0.3020956757693075,-0.4433774896480074,0.08721233726835421,-0.1941442930229669,0.21033753013380974
1.0840074959436148,0.4777323737584165,0.377704563816253,-0.7615285872916671,0.8295471443189064,0.00977117294194641,-1.1874332614721435,-1.3234362658012644
-1.362288161879607,1.5710702779648078,-0.8822874066874408,-0.531305233692426,1.426170276836913,-1.513273001258948,-0.16575947096313604,1.4407430514624302
0.22872073993543648,0.55535660524804,-0.7306754804134263,-0.3157125900577396,0.2844474940234366,0.46431546412244346,-1.3394413748455674,0.3090168197876328
1.7440410870108336,0.05929113389470675,0.6759633930029775,-0.41375688138006245,0.6734912780983248,-0.9677443956994779,-0.9868038892903219,-0.40141442845701475
0.3037879307861897,0.5496425958003854,0.5685042066678756,-1.088508555488929,-0.4058433751113569,0.24376576053087365,0.14993382849816042,1.930850867048302
-0.18142746302677085,0.3618153469822339,-0.6945597866975727,-1.489581707099344,0.8140984735766132,0.2328691323395445,1.0578625471721022,0.47745168470488547
0.6508242887315826,-0.41788872541891064,-0.19862694050629412,0.5304814136815165,-0.4048969744139054,0.13850146370624752,-0.1793956127561702,0.38226483289201113
0.22252777726910358,-0.042652969846177974,0.44333041298483306,0.7610891425383822,0.2774488018821426,-0.27103549320058984,0.6453037648236415,0.9874284497575734
1.6537258920055278,-0.5568334395724496,-0.6037733672032106,-0.8548356658163554,0.6483980751881049,-2.4666670681049836,-0.8875696170572964,-1.210918886763466
-1.4914786749108953,-0.47189173035268167,0.6872857108024943,0.193589005944582,-1.1364184282224241,0.186625719560586,1.417375195094796,-1.335895950798125
0.024317144864591727,-0.23568528753446685,-0.14701873614404276,-0.5301715091727704,1.310228934807935,-0.40395993492943094,-1.1735250952083474,1.4332401305797497
-0.569930871395783,-0.6107493242365146,0.8279855268731817,2.344212722750776,-0.8063986460634309,1.1506579954361567,-1.018750997072883,0.5258928211564377
-0.6430439973742427,0.2550360671185059,-0.21425635670706122,0.5110429145965435,-0.6956355092200975,-1.450739454366229,-0.7567693214406188,0.1696914456722519
-0.3350107619330159,1.1778619388085783,-1.2673520490102275,1.1502055425466322,0.16444123022982496,1.0311144589217422,0.18103512959700388,2.0871133595881854
1.0625923385176665,-1.138029087764694,-0.48662802696899804,-0.9017329609707531,-2.097559270470829,-0.8310401340004008,-0.8184302545765396,-0.8739890438363892
-0.17718978019187487,-1.7889345652509228,-1.0922003464320973,0.9929921700512451,-1.2534380064376893,-0.1623065330357974,1.0231909777800074,-0.3467202905624426
-2.5517737819307236,-0.2903439600965613,-0.686606739783387,0.7244574126650826,-0.46894291784766456,0.10159930959214931,-0.32193313016012426,-1.6266817088155345
0.5233426304345435,0.29655656728653923,0.7049794803731054,0.1617103094175957,1.4187292755100624,0.23876067172970541,0.6820347768334102,-1.9421495432511602
0.6428539051809659,-1.2875951767798524,-1.04662756086045,-1.4407597046690717,0.6430098619590356,-0.3914036798086067,-0.15438400593240165,-0.863223062848507
1.857149160671793,0.654491789693032,-0.12143394279314447,0.09990781015135967,-0.0782750496961803,1.6980265666932324,-1.1966138888173476,0.20614360268507467
-0.17944219675243178,0.5118784149237874,1.0872587621303165,-0.5480439830433814,0.3501182678667711,-0.7750313627240806,-0.6449784968605025,0.7228290777564583
-1.781988827559687,-1.3644793276955576,-0.6312343057103383,-0.34861709207222447,-1.2163055534335292,-0.347457012463986,1.356809994610881,-0.09848329019026422
1.014303883533461,0.4818742570187152,0.3254636281821306,0.38287023902686523,0.8501028835244372,-1.7089917765492033,-0.2243127859709009,0.03594050250391853
2.559850230632471,1.3331907028432335,-1.660475070762957,0.15974869505592115,0.6745848312366249,0.03490256406200444,0.5886855547108121,-0.7920919505289836
0.18561805758433164,1.4169476087056636,-0.11237303744424566,0.6170264040582419,-0.7748534494495534,-1.4295455673925854,-2.1783100877038826,-1.0637986892919662
0.8298010169454388,0.9404581385638228,-0.5318295119463385,-0.7356792898094604,-0.6679228220773333,-2.274712092601075,1.0435105784734027,-0.35122407122438004
-0.24520334168519506,-0.5519368756960736,0.003645154973777971,-0.7612942447601239,0.3696195863041741,-0.361639931865213,-1.255668685662482,0.8960583134099478
-0.7115726710364101,1.184118747595956,-0.6896401644574376,-1.6471157029611447,0.40300183238618303,1.7543122584142423,1.6780687092918196,-0.017887840581994642
-0.06148367873520642,-0.3665680747669453,0.5865796802865407,0.16797156107851,-1.6304965107410547,-1.4951086693398008,1.0124002428118812,-0.2262102548964797
-1.8575643242699849,0.7949558341062909,0.15727322840385663,-0.20481350154436742,-0.4092416167420198,0.5287016862705646,-0.9770945033042303,-0.8776182767499237
1.0380375161710553,1.7116609032146606,-0.3872077366758404,-0.6907834489348241,0.6940119626496983,-0.17532418558561705,0.8275402706560829,1.1453573071871106
2.281682859867609,0.18247735156870099,0.23365844536727295,0.6431945337132562,2.0620633871003924,0.8743269247635026,-0.5797810386034279,-0.16647178784796213
0.5940402047853834,0.08589715439278962,0.38034478964435503,-0.21668679803272145,0.6519133002708244,-0.7743327263365275,-1.1405342643634924,1.1224996962225864
-0.10569705815276509,-1.6316995704565695,-0.6377172101134722,1.0346437051466095,0.623592922268594,0.7185145063969224,0.3288624752168001,0.38236116983222657
1.7851688135164747,-1.639396967540776,1.1999876485826133,0.9043062201346425,-1.0818191232906198,0.3101225206265262,0.16145636340763547,0.18904344241411
-0.2654456248957732,0.06964074948535595,-0.14205072712918293,0.31158150338288004,-0.026922590568272415,0.9295844699427109,0.7520336682672812,0.5129828495987242
0.7122646354705182,-1.977887931520449,-0.3791764345725522,0.37940061207813613,-1.3634715446185843,2.5983039272693147,0.6420546892718314,-1.0845679120057665
-2.8408473558032754,-0.7220757158974855,0.7758448541897583,-1.069947260575109,0.7259248113193764,-0.15608345174169724,-0.960602470571919,-0.7755203060617992
-0.08139140208529341,0.16828203780485995,-1.349275484416141,-3.0669876329246666,0.644098654133265,-0.813746599970635,-0.3526960174070213,0.5065334276200213
0.3955886228087357,-0.140428230753746,-0.9935401897080857,-0.09185557833082025,0.04817082349761754,-0.7809086062331254,0.8278384794786713,-1.0259000683061799
-0.7273541200441627,0.7014287659481864,1.0201166859834945,0.544329816940449,1.1290837187407559,0.5025503610269159,0.06299974629271324,-0.1351764448225716
-0.06962309872009259,0.8881945413408756,-1.5872064267876305,-2.7881128830850024,1.502580905809435,-0.09565274449329955,-0.12368873285569916,-0.3311282982824718
-0.06849627644987176,-0.32310328942580074,-0.6758122959072727,1.432837566672641,-0.2681484528973282,-0.6432392357586125,0.5311489133594557,1.382578791774409
-0.9265415942366741,0.5876468396536647,-0.4380921870219071,-0.40541001742640403,2.307086530081442,1.7369822244029969,-0.49989677767906826,-1.2043836956166452
-1.4214788449588278,0.5658335488614014,0.698156780970632,-2.6744902903031136,-0.07810128600356411,-0.9946916974424368,2.3493556945678784,-0.14121719967410357
1.255464321946314,0.21639656827201,-0.2335039931301,0.09415288552221196,0.8171882801174081,0.974386203344494,1.3306307763606484,0.24797988474753857
-0.20418287637676602,0.8220485373348787,-0.12556283129198353,-2.0200162374908057,-0.8666863608859721,-0.8477850344444678,0.2175175660118201,-1.370511668696358
0.9054379339820372,0.5206679848840725,-0.9173434284822864,0.055177823944244045,0.2683730755095696,-0.04320387815171042,1.676287891168612,-0.7400775841326328
0.6161786119218626,1.7721113393458572,-0.8237735516222738,-0.20175111859881575,-0.07038034710521154,0.07111397233639062,0.2812957850446802,-0.9803182258680312
-1.2029091034837753,0.3744882718762506,-0.6213938224099832,0.08464625041194504,-0.2535196032031303,-0.3288517716796667,0.2810306845345979,0.10553826870755047
1.3086882607455315,0.9618404054928104,1.2611309221644549,-1.3216550856107556,-0.9523538731805649,-0.3717392975534392,2.040316692122185,0.7835514266294463
-0.9439107085347871,-1.1114787296686919,0.6381286339251548,0.5023938192500375,1.6570519813450593,0.6807384847965919,0.3535297139151791,-0.9384257354165478
-3.801378196860991,0.0694031150272569,0.34621357347270776,-0.679778149342087,-0.549077860540066,-1.1271722049031339,0.15103669025071986,0.9801175060083599
1.6758270969793119,-1.2437856794752757,1.1801838355576113,1.9377992486854427,-0.591859474907577,0.3153781421219002,0.1937008508265507,1.3632630533652292
0.6000544504725007,0.15233975287394327,-0.6133271790616038,0.45221642395941064,0.11162735865000575,-0.43356727766942654,1.5252499340034205,0.20486031904657026
0.960880075213844,0.08259541953627011,-1.4178944880296693,0.4657700660382165,0.585768138667071,1.7843567953013033,0.4405823002889993,0.6868044067946779
-0.18713306849562902,-1.2229471489491086,-1.346300009243742,-0.11390441158897109,0.5321545423629521,0.9582356438322627,0.7779631319183593,1.5673919184672251
-0.10912060748110732,0.3592874704222705,1.1986679049459128,-0.6078526308245681,0.26000968216384135,0.6664444603181788,-0.20017977265103762,-1.6271671972083832
0.46160539323076794,0.8467867012998639,-0.5452554077679013,0.4239436135929929,0.7534784673878884,-1.0963535051766442,0.2071105534304293,0.5900448553493571
1.090677437887579,-1.3488889122053853,0.28162607810668,-0.5105651342140736,0.9472992017721052,0.6917438701869101,-1.8744984037190169,-0.9212836967225428
1.013471037295286,1.334531340973518,-0.17126365993673123,0.8659122213555431,0.3037199552078254,-0.927115132876956,0.18475220011077823,1.2436058527883829
-3.5874938312144575,1.0761127433286186,0.14519468136970404,-2.1521150796668893,-0.1364882381235323,1.1488694751112953,0.23122812585811972,1.2842206278738375
0.8889929175948555,-0.6947982151055028,0.7448193123951158,-0.77258373237244,0.10940315644126239,1.1610683576464835,0.2514641840435942,-0.3460900338631944
-0.3554144359006804,-1.101422269814973,0.36553689663724154,-1.4518292018451076,-0.7151555084189788,-1.1848769559294434,-0.6969900047912437,-1.6643054249219367
0.2996346031797468,-1.1818094087707498,-2.1145481470896668,-0.40375953389145974,0.7378253923729058,1.4511688228004755,-0.00031071713115009796,1.6070849467167019
1.084643023345939,0.18642960039946957,0.2030444884087107,0.9427663799784999,1.1823316467539853,1.191189262326987,-0.735396813798929,0.12422749795973094
0.9090309931108516,-0.9315956254532881,1.8698089140811711,-0.3530801384877145,0.27929088415876474,0.30406238981478706,1.7279880112814927,-0.08452951063307515
-0.09128305053566811,-0.2596590621669076,0.19249368549538745,-0.26368707660120866,0.7974902492313063,0.25019795844035797,-0.42885704102448446,-0.5784963228456211
0.5815898028611892,0.9461858967453881,-0.3797303275801356,-0.6023399830262286,1.0458573280333687,-0.23441491191787137,0.03240725440387064,-0.4733549700707904
0.7434656952738399,0.5029349466497697,0.37910782854330577,0.8012023859065722,-0.7061364393964027,-0.8507150464015061,-0.12934380114080415,-0.5059831157853202
0.448428964148724,-0.9269219720344919,0.35071625838829684,-1.2491566313508997,-0.6109330882631577,-1.8794752439104008,1.0665424469694555,-0.1580581757672565
-0.11948610980875449,-0.8002706810425464,-0.5521440838327852,-0.31022755338137453,0.4812870594120847,0.6911986057180803,0.6732554887726439,1.655773153474168
-1.2568338125336815,0.14299002816716133,0.11045310929056538,-0.39862392473390046,-0.5508932051171423,0.26198919678334104,1.11340167803588,1.1704542973614533
0.9370293528150879,-2.5533033126211384,0.6375837157616531,-1.6050069811054286,-1.016887816814955,1.7904081846139248,-1.5410553252187438,-0.1186981901568568
0.12319077317334337,-0.061930948579204066,-0.5960315359727529,0.20133443822482613,0.8724144370570032,1.336415170755952,-0.3585939500735985,-0.12388949696262287
-0.9852846615274187,-0.13717057961254536,0.5047788915200341,1.1421191028202309,1.0141309534268013,-0.5080335287764192,-1.0093370733256384,0.9101686211047159
0.8983549069080704,-1.886396597996423,0.020851016457012695,-0.5093949936499329,2.791971166364041,0.905452835968431,-1.1520024614842568,0.19451308258922834
-0.10393075991216191,1.0375086353506053,-0.12480641571603167,-2.3513286071110295,0.07073267535659693,-0.5201820557431327,-0.2572864588748798,0.4499680776104737
-0.026584242413399836,-0.18844453237818976,0.6817559566212483,-0.9281221437605338,-0.9087702389250821,-0.8712811974290425,0.4603092139816421,-0.45334290519831816
-0.32385978378534624,1.7190346810845034,0.17975156577131524,-0.03368923154093914,0.0877304638665764,-0.18829685849366687,-1.040162880979482,-1.8951755930793188
-1.1813490020740327,1.8283161659407035,1.6978650286839552,0.029244217654498972,0.9282006927338127,0.2740081267463048,-0.5079373256085458,-0.16781560968707177
-0.09788445349925454,0.20000450731823863,0.443515218427292,-0.1169712746724452,0.5118394036800131,-0.5048492508800447,1.5920204890662568,-0.3425562088338269
-0.10291061426267058,-0.06239854858230655,1.8687264568398085,-0.14536354315421035,0.4491356133597169,-0.28262838440702354,-0.5187038515389994,-0.19261498579409048
1.9407830335454386,-0.567433758116047,0.8293534938502135,-1.6575660939088723,-1.9677082105370909,-0.3943675231409005,0.26344714240216105,1.5722014309790753
-1.2202520489853848,-0.1231274307897173,-0.781705901344195,-0.6273930730040508,-0.5174092690295107,0.4432285913628484,-0.6150648379593945,-0.13193723039482486
0.4994568924625311,-1.1567088886237218,0.1083085983823543,-0.2812150531893959,1.5259989168626682,0.7096931401623692,0.1314892563946184,0.17827421709765698
0.4408547474623587,-0.1604847312861494,0.3630679668852856,1.57643805616815,-1.6253219257209177,1.9579672069180938,0.47512907467542814,1.2918367437539318
0.38072054611883105,-1.0038165556784084,-1.3245554497378837,0.9933763604926804,-0.3040009162074755,-0.8967183376512194,0.046498543186305266,0.07914531608478181
0.35918522945034015,0.30287691487344376,-1.1316541913132412,0.3928276006074621,-0.21471306012397265,0.8230091885119816,-0.16824970634376762,-1.8566616839540602
0.89887401063812,0.8594475691348158,-0.7310088520117098,-0.43210397581967214,-0.024973756471969467,-1.1567948043042922,-2.0811696396418697,-1.0271821304324915
0.8749623291033075,1.6291212053324975,0.62832010285517,0.03816631200200775,-0.416345285299776,0.35227158207147286,-1.6044364005126521,1.220078514238279
-0.5270919418720428,1.6424983415632208,1.7529096058434601,0.4860664028432633,-0.04200731857123523,-0.24516506849901573,1.5575737161261245,-1.4397357076793509
0.5281419733529799,0.3431641570234438,0.5459879851665007,-0.5239224081217192,1.0653829464364948,0.9858332455845462,-0.5658801192271726,-0.5484183427711675
0.7503671284052955,1.5812662673867979,0.9307865165274098,-0.4818428068723259,0.2965516118219931,-1.7094677802048346,0.6898466626180649,3.050754934723057
0.4759338723761218,-0.6380619374163954,-1.176848319189612,-0.8566498771059953,0.14571685457777803,-0.3866955373697608,0.28762071303773584,1.1874174826896131
0.41134160259603253,0.11267519820178724,0.18577507761740789,-0.5895397506221342,0.03746478953583978,0.20273818513729727,2.382441386002872,-0.40472337195382346
-0.3412617162065858,-0.110850721053007,-3.2310550079193123,0.19701893254347608,-0.12611777323099171,-0.21794626210294177,-0.26929348975075423,0.1995821110885137
0.03517982742396543,1.258700440768004,-0.9875715303389617,-0.3947549188231793,0.32402949958940275,-0.032047433171445455,0.06821328991726196,1.2830439867695729
-0.08652228638213517,-0.2066623031975665,0.6882969302220884,2.200702099217128,-0.5981053313408254,-0.9153070699439787,-0.006307250913872172,0.7033101178067301
0.21284143528388993,1.1116224872159368,-0.39932039869894714,-0.3107950666543592,0.24498204614018904,0.06895192451824346,-0.20753975082220685,-0.6046016019551887
-0.5470656450174095,-1.3744968791031125,-0.8456444283952297,-0.010032652757383347,1.3202683189321007,-7.552661061545873e-05,0.9114606095823158,-1.0570557773396025
0.36120305977167483,0.2872142809033677,-0.3077743221445603,0.11682811556907778,0.5569525393273475,1.0831988026881991,-0.7391422743557824,0.8909167504786911
0.9485047002786537,0.4773528096692293,-0.06017799288669453,-1.7175429474558825,0.046787349514288604,0.7453294224006959,-0.19329976289668024,-0.43878218129254104
0.47026374759618605,-0.9093270165599429,0.6347631315935225,-0.41964074161010806,-1.9317689789009886,-1.1114304477623544,1.0699185989273519,-1.3180438234754557
-1.832323894488196,-1.094015741247235,-0.08204228986653561,0.6383570587548862,-0.05842633845140876,-0.7795192472975702,0.47152752144916493,-0.6946358070639764
0.4919571277965661,1.500922621656731,-0.2631533798781893,-1.693454047511539,-0.3257916091508248,-0.189382187732697,0.23203697153890715,0.08041409355266435
-0.827084891071715,0.9834726033388939,-1.3691103991530722,-0.41365307408992763,-0.38755517559738945,-0.22330479397056371,1.888867121196887,0.01701640912532161
0.05022192476406931,-1.667689228147901,-0.053609460071342124,2.766603071101871,0.13497010999029418,-1.1092309432496061,-0.4340047382986483,-0.6920526017208553
0.16538960497331773,-0.5754119903273227,1.0073538727733313,1.9052015556957185,-0.09306696379241686,0.05124002149459683,1.931466346252737,0.14414637926736323
1.9552649773995154,-1.2180659551955204,1.2279289994986615,0.6000525401720866,-0.5869135257917711,-0.8682007988022243,0.10597300094231368,2.1303248660007967
-0.38423157094000376,0.20093089950023382,0.39912204785204475,0.9074829450907496,1.0320801777524604,1.315727460797091,-1.2775106035629524,-0.5035845684495059
2.392365265937726,-0.01183049447881976,0.5738058624050577,-0.390899793755101,-1.7276694941206072,0.4129121603087788,0.3385890509998015,-0.8053665180656158
-0.8539448192292642,-0.7328439802525423,-0.6044367248124309,-1.1177672093896212,0.7296041195157613,0.5758483619306721,1.417966828436699,-0.6574661089412417
-0.07204290816401379,1.408547559684074,-0.4115585619722715,-0.8143352346431149,1.0580881398499107,1.255251472924187,-0.7882128895591243,-0.92483100348523
0.41303333663068964,-0.889852085607553,0.8761307885204279,0.09265442106918824,0.8675538865015116,0.8603122449471805,0.1718085995279643,1.7461203450092941
-0.1964429181811256,0.02557654675594081,0.6974901545879407,0.9020064563182728,-0.8682396878669727,1.3122552035216337,0.1390333039176673,0.23980970342870894
-1.7554018445508066,-0.4266897699938011,-1.37972497865875,-0.37574991098192634,-1.34635756073724,-0.3486075147385099,0.5232184412826316,-0.8176682995787476
-0.8664952037596095,-1.4202129989485122,-0.6696185998697584,-1.3206025797896521,-0.6087108032644418,-0.6668075087965194,1.2646252869680072,1.4083691460769014
-0.6885485324635544,1.6980589922472507,-2.443075785879315,-0.5299888642145143,-0.09875980586671322,-1.084768771253082,-1.3803513236542992,0.7285354008351337
0.25381647654962736,0.14330773250787254,1.5445444514561384,0.4562708952022307,-0.21208012227562573,0.2837253557710373,-0.23966878147771076,0.5565487049100443
0.8123413299768204,-0.2702323920091581,0.7482156171872304,0.12074736309713868,-0.5521080714881078,0.49974014486517293,1.6086909680220534,-0.27578601386617546
-0.8988030652307947,1.9862429622331355,0.8041810014107622,-0.04701125448669934,-0.6125253521171887,0.24048574815363108,-0.08566885395223853,0.6790642968533058
-0.8173089814407803,-0.9618053417846936,1.2602567871924792,-0.2993307182096708,-0.15644613816480613,-0.847681069998698,-1.709660902160285,0.6132749910565054
0.1314266306188423,0.681796857695334,1.6670257868439342,-0.6358816097257353,-1.6897908946886235,-0.3018174541542164,-1.4881413492156073,-1.3754405398140352
-0.8763267386254864,-0.26991790118506015,1.3457691801150062,0.7687358603185999,-0.2396699472941186,-1.4252109609210646,0.3255521628805719,1.954733563155294
0.7860566080994885,-0.017031709497609814,-1.152942951749021,-0.32999577217436477,-0.945836680830284,0.9619686558171991,2.0978406761011907,-0.23129194350345134
-0.459044388549764,-1.5411080128968933,-0.4644269443759477,0.44273970760221165,-0.6536650437766742,0.2914884613890789,0.08096607564378586,-0.28248023103604897
-1.518326313799268,1.0371620326802644,0.15047701594142976,0.4886543589979511,2.850707737117589,-0.18118802296682254,-0.13257675518338724,-0.16079799707707773
1.8584744098061854,-0.893195947036793,-1.793888920926237,-1.57052860106121,-0.9719368370854505,0.0585377546950242,-0.2649864518459969,-0.4756477679064388
0.937850297361706,-0.4477714253522432,-1.5692561273944634,1.3400987035364347,0.5412312971976727,-0.3566630610733439,-0.5103428738061208,0.14242558501294
-0.07206009820763162,-0.46403425360015677,-1.4902134278294323,1.3108760096986793,0.827072508053467,-0.10526835557242196,0.9848274870798956,0.18918897492935852
-0.6798278923997879,0.7471284116768413,0.04700244536864444,-2.1870859306382227,-0.15860520695849933,-0.6050126560729895,-1.2717469495300868,0.37152468179976716
1.1679405615385783,-0.9234151966211207,0.019961103904332523,-1.090784428818142,1.2855917224139994,1.6849814956242684,-0.48010062186615227,-1.2179367733207993
-1.1615925156293805,0.10097960163864564,1.4077465362403794,0.8056366531220363,0.38915220654654403,0.3798746961711634,-0.8742259308984948,-0.7211457814217895
1.465456001240402,-0.6124552480518545,-1.885431655871733,-1.1597447282824545,2.0272486958864038,-0.4648992255753021,-0.8088991386454156,-1.9566982524232808
-0.9906029398084975,0.19868735826215714,0.11459394405258284,0.3327390391693472,-0.3292349532251783,-0.515554158731026,1.428078163698785,-1.32888833551476
0.9058529941968444,-0.16672710884099282,-0.32426002501166284,-0.06349576283307354,-0.4136332436322708,0.7923431693229718,-0.19361578070187405,-0.449223816103371
0.4825774322224879,0.0920702647204346,0.1458594613837427,0.6989212351823921,0.8387132753247712,0.5352364410049112,0.3021546244217711,0.8112254601483228
-0.052801482653846724,-0.04304177578064844,-0.13868294527484562,-0.5280405508818312,-0.06079410601164124,-0.15420531148588265,-0.28424709842062984,-0.5522529496849271
1.0000955616677676,0.33088139622160656,-0.5039968517257415,1.0477341721595803,0.5512317172135621,-0.3745585616861393,-0.6274365750811618,0.6044343995551278
0.6736489338137502,0.6130677280288434,0.38506610277727105,0.9315296133879658,-0.17159600525671556,1.49245538715155,0.9458769837130342,0.9830333962592408
1.013665760007033,0.631758919064663,-1.4059609340395078,-0.2417501426579484,0.30216295387200043,0.243211710654849,0.22837110026455848,1.4837206916656178
-0.35642352113852005,-1.5556229163978021,0.6003547513116033,-0.29361060069538736,1.3280186400830893,0.5850923499000242,1.3067324218894758,1.0114098227508985
-0.23431872455876748,1.7154685921699906,1.6421827720450202,-0.1697438177991287,0.5777939542243806,-1.4819584561028547,1.648817861485808,-0.008902825012302579
0.3546552764309387,-0.4766015575819446,0.8475173698289039,-0.5213056056161282,0.16267062590215062,1.7212157981393923,-0.5284007549344323,-1.622953561417024
-0.7929825381206748,1.6177186677153244,-0.6926752183782207,1.157857230197104,-0.8652272192080868,-0.27246289094351256,0.00011663406126858025,-0.23227120263890658
-1.7159014899546312,0.6399685914977417,1.3822308388552174,0.847926812910694,-0.533407625911667,-0.678373811394933,0.605970238180039,-2.8336574560135026
-1.1444359494862273,-1.0382715126813042,-0.13637155114405125,-1.0392060131627,-0.8049570806978902,0.3699631431303978,-0.0691114632878744,-0.4225941134609342
2.117133396499012,0.6374926022597396,-0.9728550052681931,-0.23318657463445638,0.12061586768592264,0.49755594196754055,1.5290143091171458,0.06628239464487327
0.7426862211616183,-1.692052415377956,0.8350587468112366,1.8629275851052287,0.36344556213502865,-0.0805832220429508,-0.6824509341999805,-1.465116222054951
-0.12144867540402206,-0.15924520925326485,2.958625445893176,0.029642925120495236,0.11529872221079104,-0.5835367167076569,-0.0061299610455789804,0.5907042178943853
0.30924340938501466,0.2591588425597657,0.3684183422874519,2.0580929346749612,0.5196111465328022,-0.210922897773194,1.2528847419749227,-0.3660816948986407
0.22130404674730697,0.4679559164605835,1.04374501057934,-0.14322107559133732,0.1536175098706156,-0.7882588168110902,0.027361259258408762,1.6944674024465378
-1.363638648928467,-0.4566748169333112,2.521371112507753,0.5581414948031939,0.5872344792636836,-1.096840620436514,-0.6633951364444287,-0.3103325134849673
-0.6754694337864318,1.9867630371691618,-0.6543810858204931,-0.7598350885926631,-1.1601296615335286,-0.2958290679056386,-0.14929094174744556,-0.27217646568739323
-0.2266840696844165,0.7389302036261036,-0.26875430589134386,-0.07252360390377292,-1.0386453678099217,-1.1541089383661558,-1.8855500631930378,-0.35947243935155915
-1.8703974787472009,1.448903611625761,1.0644226884109076,0.05868743844990988,1.6019076510169283,-0.5987317666784293,-0.03932933464491537,0.16595697447417668
0.5554889157620354,-2.1245752847438957,0.21369560233776932,-0.20431653477724301,-0.6322607782348555,-0.8915898824001487,1.0338782015211176,-0.300232397105865
0.34048613777685605,-0.2824133682697197,-1.565753517705001,-0.5154540354798474,-0.15145220346287422,0.30545113721577893,1.0993988211756134,0.4387687191817556
-0.2716372409774815,0.3904734087148275,0.3298426269114848,-1.191776131993568,0.2877423952157234,1.4787594988053208,0.5260697073537158,1.105920516504518
-1.342197431638,1.562581220529143,0.49662285941428497,-0.17200516089383291,-0.8186616290442069,-1.5567691755913655,0.13076169490886125,0.4715869436079163
-1.3600076771230591,0.12651650597023537,-0.05746612700083015,-0.6925831159713568,-0.9297116344424167,0.7740000020757852,-1.1584159108657917,-0.6615506465805062
-0.5406883373725029,-0.4230277451533124,0.8419395730245767,-0.8817485267318087,0.19021001785918956,0.23101726734337139,-0.39736349181039743,0.02337234328724855
-1.8884923803868152,2.0564673412252215,-0.3933108517811569,-1.2227369597487854,-0.9310020038747236,-1.1283305481817938,-0.957581838756634,-0.9000085698091608
1.7799685657465616,1.4192239460189604,-1.1205077016626495,-0.8227859336195682,-0.7645780100521028,1.6784014352544314,2.1195187100513055,-1.298880621783074
-0.16842643163047274,0.24537940725969198,-0.4075125923914689,-1.7737713532563517,-0.21498304496389087,0.24402693814049461,-0.2915067125653651,-0.09868469680951346
0.31427199450686705,0.7948626677932181,1.0693926697057368,1.4956441370334692,1.7548861819811095,-1.326265459940456,-0.7727087142471915,0.8907063912931708
0.05431798422491919,-0.217232618149579,1.53227307592052,1.4295587519173887,-0.37852361718104466,0.15599758609289247,0.5719228321597202,0.9634041650636885
2.4478128871405582,-0.16802293682101352,-0.717418962702375,1.6923503001944868,-2.1678078431995247,0.8589456866015477,1.2120870029510504,-0.09290364533650644
0.5318067066581046,0.33327939962756703,0.2582368018123233,0.33271193983299213,0.6373611846835914,-0.3547656871123188,0.285743880026545,0.8125705810012488
-0.7696624643237536,0.13142129245031492,-1.515013514150283,0.3677054943710771,-1.691751168112843,0.25367665054517463,-0.8112698336357715,-0.1734736346413268
-0.20805217622988054,-2.3523584111768514,-0.46657403195990266,-0.5866503082535667,-0.5588236912996468,0.8507206741174647,0.9575787484971386,-1.8022907466733604
-0.7174858373072273,-0.7362639342696717,1.8044363234026013,-0.624024850239865,-0.9200931084896136,-0.9725563235674656,-0.025060144581597745,1.5254442364402778
-0.7564221415827346,1.186114471039557,1.0711998720624445,0.807012583797134,0.09121578524181384,-0.44552572111887595,-0.8286138840650823,0.41322264436747413
-0.4843848029198007,-2.0100387475151806,0.29893226863566097,1.1157997481078155,0.5102830033615648,-0.44062129534732625,2.7528642825740155,2.1142782251991656
-0.6290122546867031,-0.01945875637332236,0.8111450446561498,0.2792167152139877,-0.8899110568829337,1.0959217778185861,-1.2597717127599937,-0.44951467081969376
0.2670586215319569,1.1548885136746236,0.20070395953707482,-0.893321859281974,-0.4726700294822494,0.8194827712343867,-1.2188532286696954,-0.39206572193581274
-0.6203814024150773,-0.21814751367315194,-0.5983886703421485,0.7580217313831278,-0.12992216206212254,0.5678614983385143,-0.5738049282801106,1.5240465997988104
-0.7670276139435719,-1.6023935952933606,0.1483766909603271,-0.9276391278013848,0.11064934402315901,0.8721457750309503,-1.000259278972185,-0.07084835857881062
0.33535714548215867,-0.32909817645333345,0.6055898371433311,-1.1510527712550989,0.8555923852329705,0.48645173876835063,-0.19900926930086596,-0.774631212246685
1.2818438390463365,0.13349124926720393,0.8718145892735517,1.173744380694597,0.6095903240798268,-1.1591867737575836,1.904723422336784,-0.450598687558915
0.9126879358198553,-1.3943751127131896,0.2753418630799228,0.16872226693647913,1.6065968052348043,-1.273570236812244,-0.630618391430576,0.2326496582105465
-1.0804130049769942,0.04723961373241767,0.18597858875558868,-0.21541048915385103,0.6680873206370499,0.16088916682544768,-0.4695500128838926,-0.6535086929310902
1.1316445091958878,1.2568208318483642,0.8874423184465896,0.8814169197592583,1.308518452326017,-0.553404328801565,-0.7324488811117759,-0.16787722654627948
0.3029112965556297,0.7438920828651489,-0.6005848654989371,1.4419991487763029,-0.21792350558140203,-2.0466222070664988,-0.31264402255808427,-0.30643538095264716
-0.5596400528006676,-1.6817819157169585,-0.3105662354800219,-1.9325473636492654,-0.5722287475770127,-2.024304275464286,0.892386758354133,-0.871025244123121
-0.6929227963724369,-0.4216841007751528,1.17805700395996,-0.7757700204102219,0.8291703990248491,-0.7782717264630926,0.10146689245241805,0.9597063713475107
-1.2133847809476472,0.4201795969883613,0.2846030298135564,0.6359427056445893,-0.3537543337813492,-1.3264877850539407,1.2189858621324263,0.9901328947153126
0.3308167712757532,-0.09416555192061088,-0.16343583065616263,-0.17958850097910234,0.33056327654884465,1.518629560365495,1.1314436080657682,1.5755009358424055
-1.6513927294478723,0.2968824466652803,0.8825936819558614,0.8838995651173138,-0.8483261989557925,0.3190286685392816,0.32063120599509093,-1.0833629328018655
-0.013603885675351006,-0.6696471476435246,-0.13044468898462372,1.374990631494199,0.6402186804198472,0.68620068605291,-0.24865585038497331,-1.004967153382104
-1.1165648342354797,1.9431601707247084,-0.4971601466888655,1.6222084878501515,0.7728453956729086,-0.5492535887280628,0.6914225452567888,-0.2510374552120426
0.4571267746988636,0.3194887530040092,0.36363044399641237,-1.1200027152748215,1.4769353847613327,-1.6635738913517661,-0.37692615614045516,0.8935689453268618
-1.1086420645641217,1.2465298665027482,1.215760888224329,1.7908555813760734,-0.018545182211462813,-1.4405725614824285,0.7448381910548936,-1.4326011746333362
-1.3867026782272522,-0.676415191384908,-0.12034080682510534,-0.49745487416190265,-0.7537498055669044,0.6123370808222076,0.022185775142184085,2.5569697023142837
-0.6691026262334455,-1.4160822525219303,0.5796897791443336,0.5795416155732297,0.2786835167270544,1.612193042812388,-0.27487754656593466,-0.09520253925800948
0.17936649093014653,0.08659775617997661,1.6619475270132997,0.6402745098468943,1.0340098559800537,-0.5360381765489386,0.09246646266124099,-1.6956217987868467
1.8035859146130904,0.32359462795910116,-0.036307374798934554,-0.028945944976738743,-0.2930957010870337,1.7319621301861923,-1.0522789814109392,0.5069764843202665
-0.9358338684023914,1.490732028150799,0.386186399174856,1.004053897878877,2.1867860889737867,1.1758290447821034,0.7373685758962422,2.2059300827254558
0.4727850227216749,-1.2460779672000444,0.6373809855455995,-0.09726131934254258,0.7441655087469387,0.4656238140107664,0.5116040560932082,-0.220223861801263
0.40050437497472957,-0.7838153341442157,0.6066984230387682,1.7272349012495698,0.8587618152385667,-0.21553496319514956,-1.4758561756145618,-1.4604175091188767
2.12581662460879,1.0116159433929806,0.8443346060858782,-1.011643753172907,0.40862556084060986,-0.06232267519153661,-0.2877843635611198,-1.55357817552007
0.22071479080125825,-0.07614045295770798,0.6742861135623731,2.1657013832930687,-0.08916369916031532,-0.5686857455610084,-1.066612742044729,-1.0570771415322984
1.7850182503716663,0.9560485664830681,0.9313315693596264,-1.353819621211911,-0.702152473416773,0.6771561756280498,0.0009773892398678991,0.08043318485249762
0.733306527885516,0.3161949255681937,-0.36534156990267297,-0.2468283019794483,0.774326162387659,0.7462379320539455,2.1843137024425365,-0.16467119519059042
0.02968323030333022,-0.7980627352410625,-1.0387882102049535,-1.2940853231612488,2.2381433384979528,1.0693159694243486,1.7437122251229307,0.9787360059373466
0.7609493931283295,0.3216865758662266,-1.100043112620697,-0.9973214687759007,-0.5639239315264725,0.32346884785689517,-0.7564372093991233,0.4743472978718003
-0.3820865522349683,-1.5800595620137574,0.6594413957456623,0.06671530922405998,0.49423449906514094,0.5379230577237781,-0.9448894089528124,0.823896442609245
-1.3938066433750593,0.3212542755093889,-0.019825242851109096,-0.3343253115633758,0.4307301819014316,-0.2773315560899788,-1.5390658498782006,0.7063328404846041
0.07577200632435743,0.361545638077741,0.1507141107756324,0.08349625615780698,1.1957465878984759,0.36210246506851246,-0.12544975477563505,1.0624078153219716
-1.004259798815154,-0.2535947166623714,1.5082574043902803,-0.3862466102623512,1.1715250849261594,0.6765012617974479,0.15542867683943998,-0.42388996748476676
-0.8375167228250533,-0.12602958531301514,1.0397270908927005,-2.1231003500424417,-1.0972030464830342,-1.6059627607174027,-0.4033660381021075,1.1622040490995293
-1.3126848467029635,-0.32714360015432026,-1.6087791363698718,-1.361328858800937,0.020922464263224836,-0.4733789495330511,0.7221090222044116,-0.6277501961007957
-1.5586533457680827,0.038394743667330186,0.49646940071864604,-1.1780055668351772,0.7289075698198314,0.09793527801719785,-0.7918801386189818,-0.7257519226406838
0.3012904839825757,-0.6226634888808933,0.3007954393670502,-0.20997373588419468,-0.15832713704922016,0.15491185973371044,-0.8203755201347369,-0.5978550805922049
-0.03837827035238455,1.3834913082593199,1.1652583411657258,1.6215306334476487,-0.8596879893441806,-0.5977905740428394,-1.4571000526191356,0.013559525289671644
1.9590953525071417,0.300846402206581,-0.3722717313582859,0.2652339583982989,-0.7881655588876596,-1.0836776793595817,1.1746002379573404,1.1406562429474632
-0.7738059051086779,-0.422114730260586,0.5453389019207187,-1.7182810008406593,1.9262479079208592,-0.37374502771110296,0.411718830755267,-0.4745967547419668
-1.1123642708371866,-0.7139889980252292,1.0128681948538745,-0.32776424472118837,0.6705123906471673,-1.2541835105849213,-3.167055328652906,0.48547522607809224
0.5628611811572876,1.035262562912749,-0.1248417726449547,-0.03183401761355125,1.505008189349684,0.812811870496868,-2.9302228443679765,1.9648894053392907
-0.32651764661872357,-0.6376921388132418,-1.2625437427838198,0.12938552377648257,0.06580628246283132,0.10406073501027997,-1.4029890877228395,1.6295341945107669
-1.3992338686095869,-2.0420964154954233,-0.34825811883938024,1.1912324570650992,0.12618068088061885,1.0576951014282159,-0.19723636840428496,-1.605180795787059
1.160175947005379,-0.14641577453445143,-0.0031548398727755888,1.3232737096546197,0.31259351975132244,-0.6415123358314557,-0.4306598446089692,-0.38029109711168085
-1.4694702873847378,-1.8802175725287482,0.7928090598665757,1.4329526607584033,-0.5213258929857335,-0.5926075275723277,-2.030271053184635,-0.5049027901208726
-0.4725305920249986,-1.4506831416048005,0.6319482840093328,-0.0018746917257705736,0.11264417223992805,1.2205689137145275,-1.1150399534194404,1.5880678855942618
-0.31669995390335576,1.3930662405829926,-0.969797603506867,-0.30408629254901026,0.08751001018871311,-0.26557615867858203,1.1891504847221441,-0.30787902657630095
-0.635496564518045,2.1404207771662067,1.7562057987803437,-0.4444482168888316,0.44297474376752755,-0.5072673813486833,2.146384551911089,-1.0010351157032857
0.4957289155236749,1.1679905914246114,0.1924487613844936,-0.8391127050236458,0.5728428189707594,-1.131956533961282,0.8103255974845255,0.18197412814946928
-0.6018091321161564,1.1523560308243272,-0.2845533754008734,0.4675504736350222,-0.7017505196308544,-1.2156620643350033,1.641404184735519,-1.0519704233661038
